id,name,email,phone
1,Justen Ovington,jovington0@opensource.org,3707611857
2,Scottie Bum,sbum1@xinhuanet.com,8243256886
3,Lily Gadie,lgadie2@1und1.de,1414733735
4,Clement Caseley,ccaseley3@4shared.com,3368379522
5,Hanson Enbury,henbury4@mit.edu,4185952867
6,Irvin Roulston,iroulston5@mtv.com,5952387105
7,Remus Birth,rbirth6@ebay.co.uk,2547389688
8,Giacomo Peek,gpeek7@accuweather.com,3842652213
9,Lorinda Barwise,lbarwise8@unesco.org,1648533887
10,Heriberto Peace,hpeace9@wordpress.org,8468126567
11,Bellina Regelous,bregelousa@cargocollective.com,9168489987
12,Luce Bigly,lbiglyb@ehow.com,6784278516
13,Pippo Ranner,prannerc@icq.com,1025584715
14,Putnem Hanselmann,phanselmannd@epa.gov,2127954025
15,Ingeborg Clemmens,iclemmense@salon.com,8457231269
16,Shanta Antyukhin,santyukhinf@tmall.com,8971387808
17,Mufi Euels,meuelsg@dailymail.co.uk,9644501429
18,Alecia Paddeley,apaddeleyh@nasa.gov,9505033930
19,Megen Mesant,mmesanti@w3.org,7176357214
20,Kaye Luddy,kluddyj@prlog.org,2872078447
21,Kristos Walkinshaw,kwalkinshawk@nps.gov,4376855556
22,Lowrance Cassin,lcassinl@phoca.cz,2056110474
23,Bryana Bagger,bbaggerm@nhs.uk,3979303844
24,Dani Eastcourt,deastcourtn@businessweek.com,7443681965
25,Shermie Jorn,sjorno@cargocollective.com,5258689791
26,Waverley Merriment,wmerrimentp@netlog.com,2352521263
27,Evanne Towson,etowsonq@tripadvisor.com,8323014636
28,Estrellita Whitelock,ewhitelockr@163.com,9354169870
29,Beniamino Beet,bbeets@stanford.edu,1993817666
30,Jesselyn Slucock,jslucockt@flickr.com,3721984122
31,Edgar Dutton,eduttonu@xing.com,5692622478
32,Loni Winward,lwinwardv@foxnews.com,2985569315
33,Deb Muccino,dmuccinow@webnode.com,9449572430
34,Devin Kennady,dkennadyx@eventbrite.com,3091934099
35,Isabella Teare,itearey@is.gd,3013574914
36,Ganny Raccio,graccioz@gnu.org,3296411488
37,Fredrick Frantsev,ffrantsev10@homestead.com,1249110859
38,Lynelle Stiffell,lstiffell11@scientificamerican.com,7854193268
39,Skippie Panchen,spanchen12@senate.gov,6748975280
40,Reube Waltering,rwaltering13@homestead.com,9706165379
41,Tamas Nudds,tnudds14@mapy.cz,9168756036
42,Tymon Krahl,tkrahl15@mayoclinic.com,4047598591
43,Claiborn Petracci,cpetracci16@google.cn,2306187984
44,Agnese Hews,ahews17@webmd.com,6446974465
45,Mack Yesenev,myesenev18@guardian.co.uk,2004720716
46,Jeramie Merrisson,jmerrisson19@bloomberg.com,9878683306
47,Dillon Mumbeson,dmumbeson1a@is.gd,5933653418
48,Shurlock Calender,scalender1b@macromedia.com,1833460668
49,Vanessa Simester,vsimester1c@theglobeandmail.com,5875873459
50,Jennine Bedinham,jbedinham1d@blog.com,4492464272
51,Ara Flinn,aflinn1e@amazon.de,9105889062
52,Abie Gidney,agidney1f@chron.com,9894448409
53,Rafe Ghiroldi,rghiroldi1g@ucsd.edu,9583284806
54,Murielle Bhar,mbhar1h@statcounter.com,6173837520
55,Marmaduke Dyka,mdyka1i@google.com,6445604285
56,Terencio Pady,tpady1j@google.nl,7229870101
57,Borden Ropkes,bropkes1k@wp.com,3211893273
58,Katine Gillino,kgillino1l@arstechnica.com,1036365215
59,Gerome Guiducci,gguiducci1m@free.fr,7838735551
60,Randie Sherel,rsherel1n@tripod.com,4138216701
61,Jo-ann Buchanan,jbuchanan1o@cbsnews.com,4869772111
62,Annalise Lugden,alugden1p@gizmodo.com,3028282022
63,Lyndell Haddinton,lhaddinton1q@unblog.fr,5476811461
64,Edwina Trippick,etrippick1r@ovh.net,7304815318
65,Gail Lavallin,glavallin1s@alibaba.com,7913885312
66,Xymenes Imlach,ximlach1t@alexa.com,8068306444
67,Vidovic Ruf,vruf1u@theguardian.com,8071185149
68,Swen Hallbord,shallbord1v@woothemes.com,1847806406
69,Steffie Bilsborrow,sbilsborrow1w@dailymail.co.uk,4412474172
70,Waverley Hurlston,whurlston1x@tinyurl.com,3728304508
71,Udell Pateman,upateman1y@soup.io,8978353592
72,Grant Pensom,gpensom1z@google.co.uk,4389889523
73,Karia Ortiga,kortiga20@wiley.com,4341443890
74,Marcela Reame,mreame21@lycos.com,9893915438
75,Merrily Portigall,mportigall22@desdev.cn,7432871401
76,Devina Hamsley,dhamsley23@shutterfly.com,9176127520
77,Ana Parkhouse,aparkhouse24@mtv.com,5879574835
78,Blancha Bertelsen,bbertelsen25@gravatar.com,8379226489
79,Tom Glastonbury,tglastonbury26@google.de,2549876087
80,Tansy De Pero,tde27@skyrock.com,3089563430
81,Lezlie Allsebrook,lallsebrook28@oaic.gov.au,2706199796
82,Silas Bowdler,sbowdler29@time.com,1687826418
83,Piper Burless,pburless2a@netlog.com,9232999583
84,Nertie Rubinsaft,nrubinsaft2b@cnbc.com,5518788960
85,Natty Sole,nsole2c@wordpress.com,5851749820
86,Richmond Pikhno,rpikhno2d@shareasale.com,5331063583
87,Willdon Golby,wgolby2e@deliciousdays.com,4995287553
88,Robbie Sket,rsket2f@apple.com,2087615185
89,Ciel Melbourne,cmelbourne2g@unicef.org,5458124856
90,Godiva Wallentin,gwallentin2h@cpanel.net,7385524924
91,Russell Dorran,rdorran2i@senate.gov,1934821914
92,Denna Mangin,dmangin2j@theglobeandmail.com,9209813384
93,Gwennie Bleas,gbleas2k@jiathis.com,6264469288
94,Elnar Shakesbye,eshakesbye2l@google.com,4064529341
95,Xymenes Hartop,xhartop2m@nsw.gov.au,2595777163
96,Lin Frensch,lfrensch2n@ucoz.ru,3481076301
97,Tandi Vasyukhichev,tvasyukhichev2o@indiatimes.com,9496014694
98,Em Victoria,evictoria2p@independent.co.uk,2007394554
99,Dennison Jellett,djellett2q@gov.uk,4551961052
100,Bourke Abbiss,babbiss2r@smh.com.au,4656154225
101,Lothaire Liles,lliles2s@epa.gov,2534438808
102,Ole Wellstood,owellstood2t@unicef.org,5683142627
103,Michael Blackadder,mblackadder2u@weather.com,8037159966
104,Caldwell McCandless,cmccandless2v@ed.gov,8307433887
105,Marcello McGavigan,mmcgavigan2w@shop-pro.jp,6819795293
106,Seamus Bellee,sbellee2x@timesonline.co.uk,5404396207
107,Wye Kencott,wkencott2y@hostgator.com,6602737363
108,Sasha Giraudat,sgiraudat2z@chicagotribune.com,4943570932
109,Barbie Fransinelli,bfransinelli30@github.io,2878028929
110,Cordi Guillerman,cguillerman31@cyberchimps.com,5366848976
111,Jethro Lugg,jlugg32@bluehost.com,2725209438
112,Kayle Macvey,kmacvey33@wisc.edu,2625898339
113,Bil McGroarty,bmcgroarty34@posterous.com,9352960846
114,Cathyleen Itzkov,citzkov35@istockphoto.com,7463933841
115,Aguie Cleyne,acleyne36@xrea.com,1985480582
116,Camel Lipsett,clipsett37@fc2.com,8086065668
117,Nadiya Bicksteth,nbicksteth38@weather.com,3556565453
118,Bree Goodyer,bgoodyer39@google.com.au,4865273307
119,Freeman Petrelli,fpetrelli3a@miitbeian.gov.cn,2691346084
120,Fin O'Ferris,foferris3b@amazon.de,1175121885
121,Kitty Maslin,kmaslin3c@earthlink.net,5739041560
122,Dex Grumley,dgrumley3d@blog.com,4684362757
123,Wendie Southwood,wsouthwood3e@imgur.com,5216428370
124,Ronny Mor,rmor3f@51.la,3777592883
125,Verney Graves,vgraves3g@marketwatch.com,1724276250
126,Ronald Golston,rgolston3h@cyberchimps.com,2726572824
127,Paten Forsdike,pforsdike3i@walmart.com,3212431888
128,Hale Venning,hvenning3j@sbwire.com,6774963823
129,Jerrylee Freeland,jfreeland3k@prnewswire.com,7795104983
130,Merrie Madden,mmadden3l@drupal.org,2278927258
131,Neysa Giacomuzzi,ngiacomuzzi3m@nsw.gov.au,1296348165
132,Cate Jendrassik,cjendrassik3n@narod.ru,9129765044
133,Darryl Giamo,dgiamo3o@acquirethisname.com,4666469222
134,Cathy Ricker,cricker3p@jugem.jp,3939694488
135,Margo Pinke,mpinke3q@usatoday.com,5284818239
136,Ted Constant,tconstant3r@forbes.com,8815274244
137,Douglas Gieraths,dgieraths3s@va.gov,6916766830
138,Joelynn Arnaut,jarnaut3t@wufoo.com,9161458999
139,Saloma Fullard,sfullard3u@google.pl,8094805362
140,Minnaminnie Rasp,mrasp3v@thetimes.co.uk,7829017932
141,Herrick Sibbe,hsibbe3w@123-reg.co.uk,3042933546
142,Mord Speechly,mspeechly3x@google.com,9525809532
143,Humphrey Krahl,hkrahl3y@multiply.com,6298170326
144,Levey Trevaskus,ltrevaskus3z@prlog.org,9517818169
145,Robbie Attryde,rattryde40@jimdo.com,6112650508
146,Vivien Fulloway,vfulloway41@xinhuanet.com,6114016547
147,Elyse Guihen,eguihen42@ebay.com,7755842057
148,Marion Astbery,mastbery43@addtoany.com,5451717519
149,Maud Towey,mtowey44@yolasite.com,6399878598
150,Mikey Gosforth,mgosforth45@tumblr.com,2485072973
151,Hank Adshad,hadshad46@instagram.com,7605542338
152,Robers De Bischof,rde47@csmonitor.com,8622281150
153,Mahalia Cavil,mcavil48@sina.com.cn,1597578231
154,Sylas Eldon,seldon49@bbc.co.uk,8871160890
155,Opaline Amerighi,oamerighi4a@smugmug.com,1308988742
156,Aland Chantrell,achantrell4b@artisteer.com,6848894334
157,Wallie Armall,warmall4c@godaddy.com,2732200076
158,Marlowe Kenna,mkenna4d@people.com.cn,7963363056
159,Helga Innocent,hinnocent4e@github.io,3635026263
160,Peter Dellenbroker,pdellenbroker4f@youku.com,8126036970
161,Odelia Tooth,otooth4g@infoseek.co.jp,7503079856
162,Neil Gabbetis,ngabbetis4h@pbs.org,2076919265
163,Brockie Densell,bdensell4i@tinyurl.com,3769048522
164,Florian Sailor,fsailor4j@baidu.com,1758995299
165,Liv Joscelyn,ljoscelyn4k@utexas.edu,2045760484
166,Quintina Serraillier,qserraillier4l@techcrunch.com,7087238010
167,Pincas Leport,pleport4m@hibu.com,7696492306
168,Brear Kedslie,bkedslie4n@multiply.com,1494829467
169,Neel Dahlbom,ndahlbom4o@shareasale.com,5472931122
170,Norma Tolmie,ntolmie4p@edublogs.org,7718561059
171,Dill Cisar,dcisar4q@arstechnica.com,9003050922
172,Ricky Leworthy,rleworthy4r@nbcnews.com,6285713329
173,Holden Shelley,hshelley4s@cnet.com,1267391168
174,Erinna Dallimare,edallimare4t@blog.com,8153083998
175,Berty Syme,bsyme4u@eepurl.com,6475430668
176,Nonah Halworth,nhalworth4v@psu.edu,9435054906
177,Kristopher Keates,kkeates4w@sciencedaily.com,5918736882
178,Allianora Marin,amarin4x@angelfire.com,2936306179
179,Dominga Godding,dgodding4y@cnbc.com,2273163749
180,Doroteya Thorouggood,dthorouggood4z@sina.com.cn,5031295569
181,Butch Robinett,brobinett50@dmoz.org,6578898979
182,Hedda Bontoft,hbontoft51@ezinearticles.com,1934178882
183,Kip Bairnsfather,kbairnsfather52@sciencedirect.com,2028864362
184,Brant Kissock,bkissock53@twitter.com,8576012788
185,Keelia Spivie,kspivie54@ucoz.ru,9989140573
186,Umeko Lamcken,ulamcken55@wikipedia.org,7178462852
187,Sheila Trevenu,strevenu56@apple.com,1175782617
188,Jacenta Sallenger,jsallenger57@epa.gov,1134818425
189,Charis Scola,cscola58@parallels.com,9598001923
190,Annis Inworth,ainworth59@netscape.com,2861821299
191,Stirling Trustrie,strustrie5a@tiny.cc,9224751092
192,Annabella Atyea,aatyea5b@stumbleupon.com,5785778868
193,Tabbitha Pratton,tpratton5c@blogtalkradio.com,3349302588
194,Yelena Gaiger,ygaiger5d@google.it,1628430370
195,Doti Franzman,dfranzman5e@ocn.ne.jp,6092611229
196,Terza Killwick,tkillwick5f@wix.com,9127482153
197,Thoma Hayers,thayers5g@seattletimes.com,1862663654
198,Layney Linney,llinney5h@hhs.gov,4622984272
199,Nahum Bouchard,nbouchard5i@answers.com,8905836441
200,Ruthie Gethin,rgethin5j@hubpages.com,8239915029
201,Abner Ferryman,aferryman5k@nationalgeographic.com,3766070187
202,Bessie Youell,byouell5l@ameblo.jp,3928068351
203,Gannon BoHlingolsen,gbohlingolsen5m@amazonaws.com,6827152034
204,Daria Willbourne,dwillbourne5n@mtv.com,8175732514
205,Antonia Curror,acurror5o@arstechnica.com,4787208511
206,Horst Shand,hshand5p@blogtalkradio.com,3017427852
207,Alanson Hele,ahele5q@nyu.edu,5238334846
208,Aleen Livingstone,alivingstone5r@discuz.net,4178452878
209,Sigfried Aymer,saymer5s@businessinsider.com,1945449860
210,Allis Waywell,awaywell5t@si.edu,5794612933
211,Joya Puttrell,jputtrell5u@upenn.edu,2241750971
212,Olva Hadaway,ohadaway5v@shinystat.com,5507005644
213,Jamima Mudd,jmudd5w@usa.gov,2172977673
214,Tera Prydie,tprydie5x@nytimes.com,1308537560
215,Eleni Frenzel;,efrenzel5y@mysql.com,3005606962
216,Krispin Downgate,kdowngate5z@sun.com,5423647934
217,Luke Joice,ljoice60@state.tx.us,8654473178
218,Gwynne Steaning,gsteaning61@netscape.com,1615712236
219,Danell Gundrey,dgundrey62@sitemeter.com,7676839069
220,Gates Stobbart,gstobbart63@sun.com,2296299032
221,Martelle Loffhead,mloffhead64@123-reg.co.uk,7182155762
222,Marlie Chazette,mchazette65@yellowpages.com,8293920459
223,Sumner Illingworth,sillingworth66@upenn.edu,2307857391
224,Marje Mattes,mmattes67@upenn.edu,9648774557
225,Noreen Horlick,nhorlick68@amazon.co.jp,9825083402
226,Tracey Stucke,tstucke69@loc.gov,1375206966
227,Benny Struss,bstruss6a@hatena.ne.jp,7007499457
228,Urbanus Chisnall,uchisnall6b@toplist.cz,6662821570
229,Harrie Massenhove,hmassenhove6c@booking.com,6323328826
230,Dagmar Tanzer,dtanzer6d@pbs.org,5839969142
231,Darcy Rea,drea6e@scribd.com,6464332517
232,Colver Strathe,cstrathe6f@ameblo.jp,9432335695
233,Ezra Lye,elye6g@infoseek.co.jp,5365826643
234,Lurline Tumioto,ltumioto6h@cornell.edu,5091956902
235,Ingra Wicher,iwicher6i@slate.com,3167151064
236,Celestina Strickler,cstrickler6j@sitemeter.com,8323613628
237,Ruben Croasdale,rcroasdale6k@amazon.de,1362175937
238,Rick Farmiloe,rfarmiloe6l@hugedomains.com,7265158544
239,Beale MacConchie,bmacconchie6m@mlb.com,9707273673
240,Aeriela McGray,amcgray6n@cafepress.com,1156441106
241,Saloma Loffel,sloffel6o@liveinternet.ru,9458118180
242,Forrester Rilings,frilings6p@globo.com,5657174476
243,Rogerio Parmenter,rparmenter6q@sitemeter.com,8185981193
244,Shaine Elldred,selldred6r@mayoclinic.com,3849851081
245,Aurel Uccello,auccello6s@army.mil,7412944851
246,Stefan Tollerfield,stollerfield6t@printfriendly.com,7632061451
247,Meggie Chimenti,mchimenti6u@free.fr,4519761552
248,Clementina Billitteri,cbillitteri6v@comcast.net,9753539608
249,Kristin Burnyate,kburnyate6w@phpbb.com,2062090575
250,Mandi Bill,mbill6x@marriott.com,5235731884
251,Minerva Toller,mtoller6y@scribd.com,9768092406
252,Maiga Kunc,mkunc6z@comsenz.com,2659628065
253,Rorie Salmoni,rsalmoni70@parallels.com,6829187976
254,Poul Rowbottam,prowbottam71@scribd.com,6318957675
255,Burch Crimin,bcrimin72@craigslist.org,3439376294
256,Beret Manterfield,bmanterfield73@wired.com,7405417529
257,Ammamaria Conisbee,aconisbee74@wix.com,6571720134
258,Meta Rackam,mrackam75@etsy.com,4671172993
259,Ernie Duffree,eduffree76@cocolog-nifty.com,9991370729
260,Powell Tong,ptong77@washingtonpost.com,9922283242
261,Germaine Zanni,gzanni78@census.gov,8971951846
262,Andree Lotherington,alotherington79@photobucket.com,2597697311
263,Bev Milksop,bmilksop7a@example.com,7506572050
264,Willette Randlesome,wrandlesome7b@xrea.com,9666606166
265,Rikki Sweetlove,rsweetlove7c@google.it,1977853234
266,Alexia Goodbourn,agoodbourn7d@live.com,2105042102
267,Milo Offer,moffer7e@purevolume.com,2344551140
268,Abdul Hamblin,ahamblin7f@zdnet.com,3237514698
269,Ashbey Aldhous,aaldhous7g@w3.org,6935584925
270,Gun Gammidge,ggammidge7h@home.pl,6362264582
271,Caesar Dixey,cdixey7i@facebook.com,1855788710
272,Gal Honig,ghonig7j@ed.gov,9594546404
273,Emelyne Wiles,ewiles7k@newyorker.com,5381852332
274,Tobie Ashlin,tashlin7l@washingtonpost.com,6941865313
275,Dasi Arnopp,darnopp7m@ft.com,6818661643
276,Nester Thirlaway,nthirlaway7n@sun.com,3918308688
277,Kirbee Walding,kwalding7o@si.edu,2304520386
278,Desiri Sircombe,dsircombe7p@spiegel.de,1286025706
279,Jud Kerry,jkerry7q@google.co.jp,5643068873
280,Anthe Kasbye,akasbye7r@washington.edu,3933899443
281,Darcey Ditch,dditch7s@flavors.me,6754717884
282,Tresa Henrot,thenrot7t@ft.com,9427156678
283,Jeanie Beautyman,jbeautyman7u@t-online.de,1618035848
284,Idalia Noteyoung,inoteyoung7v@dropbox.com,9079927895
285,Uri Yeowell,uyeowell7w@istockphoto.com,7002786785
286,Elwyn Lazare,elazare7x@dagondesign.com,1401020210
287,Barny Noweak,bnoweak7y@tmall.com,3856039599
288,Devin Pyburn,dpyburn7z@wikipedia.org,5924679741
289,Samaria Zimmerman,szimmerman80@dmoz.org,6341414928
290,Heinrick Pomeroy,hpomeroy81@meetup.com,6461612639
291,Dame Lisamore,dlisamore82@globo.com,7065436298
292,Alejoa Boshere,aboshere83@salon.com,4041293429
293,Myrtle Wheldon,mwheldon84@ocn.ne.jp,2021298150
294,Helaine Sandwick,hsandwick85@springer.com,3639480911
295,Ingrid Cubin,icubin86@edublogs.org,4275770058
296,Iona Crowhurst,icrowhurst87@flickr.com,5109607579
297,Jocelyne Wainscot,jwainscot88@wufoo.com,6709557832
298,Fidelio Battelle,fbattelle89@aol.com,1774958738
299,Brody Seale,bseale8a@vinaora.com,3228915518
300,Loretta Shailer,lshailer8b@networksolutions.com,5478395998
301,Darwin Haugen,dhaugen8c@google.fr,6173248774
302,Gavra Vezey,gvezey8d@infoseek.co.jp,3088745452
303,Tiffani Dufoure,tdufoure8e@adobe.com,8241495115
304,Helge Pickavant,hpickavant8f@usgs.gov,2901531190
305,Oran Feavyour,ofeavyour8g@ow.ly,5569144187
306,Emelia Coultass,ecoultass8h@hhs.gov,7427360397
307,Bentley Robelin,brobelin8i@wikia.com,2057632620
308,Der Daine,ddaine8j@soundcloud.com,7665741942
309,Elston Genders,egenders8k@sakura.ne.jp,5525774899
310,Ryan MacLise,rmaclise8l@macromedia.com,3365913815
311,Arda Playfoot,aplayfoot8m@xing.com,8802004900
312,Abraham Latour,alatour8n@merriam-webster.com,5641568410
313,Farlie Shirt,fshirt8o@arizona.edu,6417485159
314,Monty Gomm,mgomm8p@pinterest.com,3824497273
315,Ernst Colmore,ecolmore8q@multiply.com,8857954317
316,Scarlett Commins,scommins8r@narod.ru,4735432866
317,Timofei Grafton-Herbert,tgraftonherbert8s@cpanel.net,2509231983
318,Dillie Drewry,ddrewry8t@usnews.com,8026272828
319,Bride Bareham,bbareham8u@google.com.br,1017312709
320,Noby Marqyes,nmarqyes8v@whitehouse.gov,8141672650
321,Brett Ismead,bismead8w@creativecommons.org,8656217335
322,Phebe Reeks,preeks8x@nba.com,7728372331
323,Hayward Tregoning,htregoning8y@bbc.co.uk,5127418091
324,Stern Tschierse,stschierse8z@hud.gov,6182144010
325,Gwennie Maddrell,gmaddrell90@amazon.co.uk,6786019964
326,Aldric Robshaw,arobshaw91@nytimes.com,3724036362
327,Zak Tassaker,ztassaker92@vistaprint.com,1164694651
328,Kaleb Soame,ksoame93@odnoklassniki.ru,1462891962
329,Kimberlyn Cookes,kcookes94@ucoz.com,2607392262
330,Broderic Stoddart,bstoddart95@imdb.com,3566877938
331,Tremaine Libbe,tlibbe96@a8.net,2839830758
332,Haroun Mannock,hmannock97@ustream.tv,1865153567
333,Monte Tillerton,mtillerton98@adobe.com,3787920846
334,Kristin Cully,kcully99@nytimes.com,5527849990
335,Liza Pablos,lpablos9a@go.com,7416736169
336,Kalil Doulton,kdoulton9b@tamu.edu,7751982034
337,Lilias Minchell,lminchell9c@nationalgeographic.com,5132737906
338,Donnell Allward,dallward9d@flickr.com,3173534603
339,Guinna Stanbury,gstanbury9e@ucoz.ru,8121965746
340,Billy Dunbavin,bdunbavin9f@huffingtonpost.com,5396340266
341,Verile Bern,vbern9g@state.tx.us,5577857455
342,Levey Ivachyov,livachyov9h@ning.com,3179232957
343,Brunhilde Eisikovitsh,beisikovitsh9i@prnewswire.com,5338967453
344,Cris Lyman,clyman9j@com.com,3889106570
345,Lewes Lehemann,llehemann9k@wufoo.com,4064491079
346,Rebecka Tammadge,rtammadge9l@admin.ch,9536979275
347,Michale Riall,mriall9m@intel.com,1388615581
348,Krispin Kamiyama,kkamiyama9n@ebay.co.uk,5376136434
349,Petronilla Lympenie,plympenie9o@yale.edu,7033891565
350,Rolland Gallafant,rgallafant9p@histats.com,7654922413
351,Rubia Lockier,rlockier9q@shareasale.com,1051588250
352,Sashenka Sleney,ssleney9r@twitter.com,5142641757
353,Chrisse Gerasch,cgerasch9s@theatlantic.com,9471166238
354,Mellisa Laverack,mlaverack9t@networksolutions.com,1661869926
355,Rolph Albone,ralbone9u@istockphoto.com,2366453064
356,Regan Lahive,rlahive9v@princeton.edu,7207086966
357,Krysta Naughton,knaughton9w@istockphoto.com,5857033574
358,Brynna Tarn,btarn9x@wp.com,2251529393
359,Janenna Dorrian,jdorrian9y@ca.gov,7444632986
360,Gray Stronghill,gstronghill9z@tmall.com,4262074723
361,Cilka Coie,ccoiea0@foxnews.com,6278188502
362,Lizzy Timny,ltimnya1@google.com.hk,8931094452
363,Vergil Vaudin,vvaudina2@guardian.co.uk,5172411799
364,Neddie Cominetti,ncominettia3@springer.com,7942316823
365,Rozelle Measen,rmeasena4@yellowbook.com,3645716650
366,Florian Flitcroft,fflitcrofta5@dyndns.org,7635786816
367,Edithe McBeith,emcbeitha6@fema.gov,1502975798
368,Dare Iveson,divesona7@google.co.uk,3351057218
369,Tiffanie Demead,tdemeada8@webeden.co.uk,9525180534
370,Hamish Easthope,heasthopea9@shareasale.com,7866226917
371,Erik Collard,ecollardaa@vkontakte.ru,6849195685
372,Jordana Annand,jannandab@uol.com.br,3396518502
373,Pamella Darque,pdarqueac@discuz.net,5425841468
374,Francoise Alexander,falexanderad@vimeo.com,9936278849
375,Gabriel Filler,gfillerae@last.fm,3069224223
376,Marguerite Sharkey,msharkeyaf@nhs.uk,9186662013
377,Drusilla Garraway,dgarrawayag@va.gov,9815010770
378,Daffy Bohey,dboheyah@friendfeed.com,7287550237
379,Ursulina Gave,ugaveai@aboutads.info,9974523023
380,Alameda Drew-Clifton,adrewcliftonaj@delicious.com,6198059540
381,Yulma Lydon,ylydonak@jigsy.com,1332404835
382,Rana Thacke,rthackeal@miitbeian.gov.cn,4745630543
383,Susanetta Sange,ssangeam@sina.com.cn,5147842030
384,Travus Bingall,tbingallan@shop-pro.jp,7648521247
385,Fawnia Ciccottio,fciccottioao@ow.ly,1296868550
386,Pascale Aldam,paldamap@wikimedia.org,1811494966
387,Hammad Bilsland,hbilslandaq@independent.co.uk,3765215752
388,Sheff Lochet,slochetar@nyu.edu,9026190936
389,Reta Josuweit,rjosuweitas@163.com,6243347010
390,Mallissa Vaun,mvaunat@123-reg.co.uk,9918287485
391,Arin Machen,amachenau@blinklist.com,3685987253
392,Bobinette Sinott,bsinottav@edublogs.org,1405629283
393,Neill Rhymer,nrhymeraw@purevolume.com,8326097720
394,Cassi Semonin,csemoninax@artisteer.com,9372249913
395,Valery Rubee,vrubeeay@ebay.com,6456812682
396,Ally Bovis,abovisaz@statcounter.com,3729014061
397,Staford Pardoe,spardoeb0@si.edu,6358766894
398,Saxe Markushkin,smarkushkinb1@cornell.edu,2247783635
399,Marjie Andrea,mandreab2@home.pl,3516901316
400,Craig Mival,cmivalb3@bravesites.com,7435693010
401,Charlena Crafter,ccrafterb4@taobao.com,7385540153
402,Norby Dawney,ndawneyb5@liveinternet.ru,5622603264
403,Adaline O'Fihily,aofihilyb6@narod.ru,6054911472
404,Tracey Kensy,tkensyb7@thetimes.co.uk,6293829202
405,Zerk Lamden,zlamdenb8@senate.gov,4801788840
406,Arline Rennix,arennixb9@cdc.gov,2201226354
407,Lorry De Mars,ldeba@statcounter.com,7644530958
408,Robbyn Howsley,rhowsleybb@hibu.com,5312665313
409,Myrilla Dobney,mdobneybc@goodreads.com,4559279893
410,Wynny Sollitt,wsollittbd@scribd.com,7811508892
411,Brigitte Julyan,bjulyanbe@xinhuanet.com,7784890351
412,Briggs Sullly,bsulllybf@amazonaws.com,9173090412
413,Lesley Blemings,lblemingsbg@comsenz.com,9553574368
414,Clio MacBean,cmacbeanbh@europa.eu,8862352343
415,Nils Paszek,npaszekbi@goo.gl,9386418492
416,Riccardo Amyes,ramyesbj@symantec.com,3403348926
417,Dorolice Hedley,dhedleybk@irs.gov,6185876137
418,Donaugh Syers,dsyersbl@bing.com,6808745689
419,Rudd Verlinde,rverlindebm@google.nl,7774843237
420,Cordy Liquorish,cliquorishbn@shareasale.com,7251271907
421,Delaney Efford,deffordbo@reverbnation.com,3419444510
422,Lira Oram,lorambp@cnn.com,1908502966
423,Dulcinea Rochford,drochfordbq@qq.com,1151243905
424,Brigitta Oughtright,boughtrightbr@goodreads.com,5211958315
425,Sara-ann Trinkwon,strinkwonbs@ihg.com,6213467349
426,Brandyn Crunkhorn,bcrunkhornbt@cmu.edu,2604425841
427,Joyan Singh,jsinghbu@dyndns.org,5739877916
428,Grove Trees,gtreesbv@springer.com,9197054922
429,Sig Andreasson,sandreassonbw@alexa.com,1809317201
430,Gaby Aleswell,galeswellbx@studiopress.com,4196527917
431,Shandy Eadmeades,seadmeadesby@bigcartel.com,7324727693
432,Anni Mournian,amournianbz@go.com,2624723553
433,Leodora Colnett,lcolnettc0@xrea.com,1632283971
434,Matthias Ducker,mduckerc1@shareasale.com,5779788496
435,Barbi Snugg,bsnuggc2@liveinternet.ru,2334254675
436,Martha Jefferd,mjefferdc3@independent.co.uk,1745923798
437,Tami Mumberson,tmumbersonc4@paginegialle.it,8085946065
438,Amaleta Coathup,acoathupc5@howstuffworks.com,5519515820
439,Sissy Beneze,sbenezec6@arstechnica.com,9671278067
440,Maurizia Lumbly,mlumblyc7@shop-pro.jp,5297225704
441,Lefty Forster,lforsterc8@twitpic.com,5276052259
442,Vasily Heel,vheelc9@nyu.edu,7741901915
443,Cyrille Faircliff,cfaircliffca@dmoz.org,8021959616
444,Maryanne Sorey,msoreycb@wordpress.org,3822519137
445,Cristen Rohan,crohancc@telegraph.co.uk,2861011944
446,Carlita Gibb,cgibbcd@wp.com,4054390006
447,Jorey Lortz,jlortzce@friendfeed.com,8182004120
448,Allistir Gibbs,agibbscf@cnbc.com,1627394644
449,Sayers Gianolo,sgianolocg@forbes.com,9595873443
450,Bail Halfpenny,bhalfpennych@theatlantic.com,8815177953
451,Erinna Winkless,ewinklessci@icio.us,7349583217
452,Ode Berkely,oberkelycj@google.ca,5216707337
453,Cordula Basill,cbasillck@answers.com,3081857316
454,Monti Edrich,medrichcl@java.com,4435132881
455,Aigneis Simpole,asimpolecm@nature.com,3328843337
456,Row Baptiste,rbaptistecn@mtv.com,9935721567
457,Marys Muir,mmuirco@cmu.edu,1998078022
458,Sunny Radleigh,sradleighcp@dot.gov,2132082079
459,Gilbertina Behninck,gbehninckcq@fotki.com,3757927664
460,Sibella Tesdale,stesdalecr@wikispaces.com,4572129551
461,Elysha Hansman,ehansmancs@ucla.edu,5384616815
462,Kelley Gini,kginict@businessweek.com,5492081148
463,Barnaby Iacovo,biacovocu@bloglovin.com,7881874303
464,Hilton Haseley,hhaseleycv@goo.gl,3159645760
465,Rosabel Fotitt,rfotittcw@dion.ne.jp,5469266297
466,Dari Gatrell,dgatrellcx@omniture.com,8149265608
467,Kerk Dennidge,kdennidgecy@ehow.com,3932919786
468,Griffie D'Abbot-Doyle,gdabbotdoylecz@unicef.org,3086294826
469,Caty McAlinion,cmcaliniond0@geocities.jp,7078907883
470,Ambrosius Rabbe,arabbed1@apache.org,1293677017
471,Temp Tremain,ttremaind2@pagesperso-orange.fr,4542772970
472,Debora Dankersley,ddankersleyd3@economist.com,3252918113
473,Hugo Tolfrey,htolfreyd4@ucla.edu,1053691596
474,Gun De Bruin,gded5@hibu.com,1452753516
475,Henrik Aiskovitch,haiskovitchd6@ebay.com,8157584042
476,Antonetta Butterley,abutterleyd7@ftc.gov,6833590087
477,Valdemar Craister,vcraisterd8@ucoz.ru,2001736709
478,Conant Webben,cwebbend9@google.de,4567639553
479,Grissel Morales,gmoralesda@jugem.jp,9558871980
480,Carly Leirmonth,cleirmonthdb@bloomberg.com,9891810099
481,Alfreda Willox,awilloxdc@samsung.com,1792584878
482,Lorine Clendening,lclendeningdd@blinklist.com,2481038000
483,Alexis Ashwood,aashwoodde@people.com.cn,1893875540
484,Gardner McClory,gmcclorydf@paypal.com,3286137621
485,Franciskus Marston,fmarstondg@meetup.com,1861806579
486,Sascha Sibbit,ssibbitdh@goo.ne.jp,7699675470
487,Ibrahim Chipp,ichippdi@w3.org,9215538937
488,Bren Ropkes,bropkesdj@facebook.com,7947554766
489,Conrado Bottlestone,cbottlestonedk@unblog.fr,7693630740
490,Michaelina Leyninye,mleyninyedl@npr.org,4377080290
491,Rorie Brewins,rbrewinsdm@mapquest.com,3015801614
492,Aurelea Berthel,abertheldn@t.co,9292618728
493,Russell Offener,roffenerdo@nbcnews.com,6352523576
494,Rand Dils,rdilsdp@360.cn,2492642140
495,Yulma Harteley,yharteleydq@noaa.gov,9441004070
496,Benoit Rylance,brylancedr@tinyurl.com,8656371055
497,Robbie Degoix,rdegoixds@t.co,3956671047
498,Mirella Gajownik,mgajownikdt@bloglovin.com,8739060411
499,Dar Wyleman,dwylemandu@chron.com,7191200274
500,Merlina Tweede,mtweededv@admin.ch,9973134066
501,Adam Clixby,aclixbydw@usnews.com,2906217383
502,Tiffie Strathman,tstrathmandx@yandex.ru,4653103997
503,Clarie Drummer,cdrummerdy@columbia.edu,9412265704
504,Jenine Murch,jmurchdz@un.org,2218132975
505,Tommie Briston,tbristone0@webs.com,6531522401
506,Linnea Defau,ldefaue1@123-reg.co.uk,8781427257
507,Rahal Manders,rmanderse2@g.co,8678660230
508,Asher Demogeot,ademogeote3@biglobe.ne.jp,5122378638
509,Sapphira Byneth,sbynethe4@themeforest.net,7905678008
510,West Halifax,whalifaxe5@statcounter.com,7487708453
511,Kristien Kachel,kkachele6@diigo.com,2308422038
512,Maryanna Sheen,msheene7@netscape.com,3834098142
513,Kiley De Domenico,kdee8@smugmug.com,4834436114
514,Nico Reinhard,nreinharde9@time.com,6704961646
515,Sherm Jenik,sjenikea@comcast.net,7489412814
516,Ian Katz,ikatzeb@tiny.cc,8572393994
517,Urbano McGaugie,umcgaugieec@chronoengine.com,6313319735
518,Mozelle Rahill,mrahilled@gizmodo.com,5556511562
519,Teirtza Ludron,tludronee@printfriendly.com,5487692744
520,Tasha Whilder,twhilderef@zimbio.com,1929524670
521,Marita Margetts,mmargettseg@facebook.com,8091206051
522,Nedda Flockhart,nflockharteh@zdnet.com,7268848822
523,Barry O'Fairy,bofairyei@businesswire.com,2915226307
524,Silvan Blown,sblownej@g.co,6006390872
525,Katrine Vanyashin,kvanyashinek@yale.edu,9932286086
526,Helaina Meletti,hmelettiel@altervista.org,6821773437
527,Ewan Austing,eaustingem@washington.edu,7369670437
528,Mendie Roder,mroderen@studiopress.com,8563951648
529,Locke Piddletown,lpiddletowneo@google.ca,1561435121
530,Giulia Tothacot,gtothacotep@unc.edu,3227200600
531,Edee Fantonetti,efantonettieq@vkontakte.ru,4733732901
532,Brenda Happs,bhappser@yellowbook.com,7914690001
533,Andree Blaxlande,ablaxlandees@trellian.com,3548942971
534,Ailina Graveston,agravestonet@engadget.com,8382673681
535,Terri Capineer,tcapineereu@ovh.net,3223329189
536,Golda Jehan,gjehanev@usnews.com,9707106958
537,Hillery Jobe,hjobeew@umich.edu,2929619722
538,Paten Booker,pbookerex@cisco.com,4872377237
539,Pia Gumb,pgumbey@economist.com,6764821150
540,Chandal Couchman,ccouchmanez@hp.com,5982048223
541,Alyson Hessenthaler,ahessenthalerf0@technorati.com,3407901925
542,Mile Kinnen,mkinnenf1@lulu.com,6827634564
543,Kania Krolman,kkrolmanf2@creativecommons.org,6953408624
544,Roxie Tetsall,rtetsallf3@omniture.com,7864991150
545,Sydney Nasey,snaseyf4@de.vu,4247858393
546,Archambault Scole,ascolef5@chron.com,1946612750
547,Cati Chainey,cchaineyf6@exblog.jp,3673977666
548,Osmond Lovering,oloveringf7@businesswire.com,3436328577
549,Bunny Swinnerton,bswinnertonf8@telegraph.co.uk,7111098085
550,Vite Morrad,vmorradf9@usnews.com,9688319295
551,Mervin Jenking,mjenkingfa@quantcast.com,7914043607
552,Emmy Hellin,ehellinfb@xinhuanet.com,6162342010
553,Calley Richen,crichenfc@networkadvertising.org,7685953682
554,Francisco Hannen,fhannenfd@woothemes.com,3002958090
555,Shayna Pendall,spendallfe@moonfruit.com,8789327856
556,Hastings Rottenbury,hrottenburyff@google.co.uk,8311392065
557,Irene Jaquemar,ijaquemarfg@miibeian.gov.cn,4185880877
558,Orlando De Meyer,odefh@java.com,4711076485
559,Antonin Rainford,arainfordfi@usa.gov,6078987428
560,Lian Curzon,lcurzonfj@flavors.me,7155449640
561,Christin Habbes,chabbesfk@lycos.com,1678846994
562,James Bedder,jbedderfl@columbia.edu,9705404229
563,Lonny Kewish,lkewishfm@nymag.com,5352868950
564,Ansley McGlew,amcglewfn@ucsd.edu,9249748056
565,Weston Ricardet,wricardetfo@huffingtonpost.com,1344393519
566,Shea Shearsby,sshearsbyfp@mlb.com,2027775669
567,Maggee Diprose,mdiprosefq@issuu.com,3908440980
568,Hermie Paulino,hpaulinofr@nationalgeographic.com,4181599663
569,Norma Wilcher,nwilcherfs@webeden.co.uk,9605724280
570,Ram Arger,rargerft@fastcompany.com,4723124961
571,Eugene Grelka,egrelkafu@sun.com,1781463669
572,Lynnette Berard,lberardfv@livejournal.com,5199965511
573,Lawry Brea,lbreafw@amazon.de,8243774397
574,Chucho Breeton,cbreetonfx@lulu.com,3123723552
575,Anett Freed,afreedfy@globo.com,6131238684
576,Daryn Alliston,dallistonfz@gizmodo.com,2922484913
577,Nestor Miguel,nmiguelg0@tiny.cc,5415051263
578,Alvie Siggens,asiggensg1@51.la,8767642645
579,Pen Robart,probartg2@wikimedia.org,7643667406
580,Mellie Sherewood,msherewoodg3@bing.com,8204048451
581,Brander Pisculli,bpiscullig4@last.fm,9181579615
582,Marty Bexon,mbexong5@census.gov,4195777708
583,Claresta Espadater,cespadaterg6@wikispaces.com,7924396632
584,Janene Batrop,jbatropg7@fda.gov,5108221461
585,Alane Trelease,atreleaseg8@alibaba.com,6737561248
586,Cortney Hazael,chazaelg9@gov.uk,2712668133
587,Lorianne Hardwin,lhardwinga@hud.gov,9575575416
588,Ellene Stockell,estockellgb@state.tx.us,6924299075
589,Dreddy Biggs,dbiggsgc@who.int,2593784063
590,Trix Chisnell,tchisnellgd@ustream.tv,6088493444
591,Jenilee Cayford,jcayfordge@columbia.edu,3219433508
592,Stefa Climar,sclimargf@ustream.tv,8129097229
593,Mady McComish,mmccomishgg@mapy.cz,1042572516
594,Phoebe Mullaney,pmullaneygh@reference.com,5526324519
595,Simonne Domino,sdominogi@imdb.com,5298405839
596,Jaquelyn Mistry,jmistrygj@hhs.gov,1908623102
597,Andrej Guyonnet,aguyonnetgk@google.ca,5005785939
598,Shermy Herries,sherriesgl@smh.com.au,3126915186
599,Myrta Daubeny,mdaubenygm@stanford.edu,8055877500
600,Nana Crayton,ncraytongn@noaa.gov,2382690154
601,Jorry Shewsmith,jshewsmithgo@reuters.com,6191249503
602,Petunia Deverille,pdeverillegp@wunderground.com,9488535945
603,Corliss Snoding,csnodinggq@google.com,6748883753
604,Karee O'Boyle,koboylegr@skype.com,3551952652
605,Mandie Habbal,mhabbalgs@noaa.gov,4676088945
606,Timofei Shildrick,tshildrickgt@scientificamerican.com,8966012081
607,Cordie Danis,cdanisgu@buzzfeed.com,7993370261
608,Owen Baress,obaressgv@apple.com,3329268541
609,Corissa Lindbergh,clindberghgw@ed.gov,9448114450
610,Hort McNay,hmcnaygx@creativecommons.org,2203735530
611,Theresita Kasperski,tkasperskigy@trellian.com,6196171166
612,Nestor Stevings,nstevingsgz@nationalgeographic.com,8735448224
613,Jarrid Churcher,jchurcherh0@state.gov,5448573297
614,Angeli Fortun,afortunh1@princeton.edu,1558973997
615,Florette McRitchie,fmcritchieh2@edublogs.org,7305066113
616,Quent Baldazzi,qbaldazzih3@meetup.com,8472235708
617,Silas Wase,swaseh4@opensource.org,2727424387
618,Gussy Maplestone,gmaplestoneh5@spotify.com,1735915125
619,Selestina Strathe,sstratheh6@nature.com,2577206039
620,Randolph Crosskill,rcrosskillh7@about.me,2298491646
621,Carmine McConnulty,cmcconnultyh8@princeton.edu,2753901013
622,Aryn Purdon,apurdonh9@nydailynews.com,4432643850
623,Yetta Tuckwood,ytuckwoodha@ehow.com,4902365351
624,Gayleen Pascow,gpascowhb@huffingtonpost.com,7128050253
625,Caye Bolding,cboldinghc@who.int,5021412627
626,Lyda McIlmorie,lmcilmoriehd@devhub.com,3561973991
627,Nikita Bonass,nbonasshe@cnet.com,6114381603
628,Sileas Spinnace,sspinnacehf@soundcloud.com,7968107306
629,Welsh Topes,wtopeshg@msu.edu,7095071990
630,Annora Trebble,atrebblehh@patch.com,9811655604
631,Renie Paffley,rpaffleyhi@epa.gov,1116960064
632,Durward Jan,djanhj@ucoz.com,8015857958
633,Natty Coates,ncoateshk@unesco.org,1303917239
634,Ignace Sudworth,isudworthhl@tamu.edu,3949405276
635,Coleen Blampied,cblampiedhm@google.es,2427701323
636,Gloria De Lasci,gdehn@unicef.org,4772797023
637,Julian Kirvell,jkirvellho@deliciousdays.com,6351547887
638,Garwin Gillow,ggillowhp@bravesites.com,8661676178
639,Patty Belloch,pbellochhq@free.fr,8324700847
640,Horatio Gibard,hgibardhr@statcounter.com,3922631817
641,Salem Fraulo,sfraulohs@discovery.com,8512739405
642,Franklyn Amberger,fambergerht@nyu.edu,3683679246
643,Dannel Yerborn,dyerbornhu@stumbleupon.com,2704321789
644,Kerry Jahnig,kjahnighv@howstuffworks.com,3439316259
645,Tootsie Newton,tnewtonhw@spotify.com,8247533821
646,Kania Nott,knotthx@theguardian.com,2967695494
647,Silvia Gatus,sgatushy@time.com,8546523104
648,Bear Crockatt,bcrockatthz@sciencedirect.com,5301560603
649,Olly Kinkead,okinkeadi0@wisc.edu,2781556537
650,Nicol MacPhee,nmacpheei1@facebook.com,3916645099
651,Juieta Mallion,jmallioni2@dailymotion.com,1627716074
652,Herve Franz,hfranzi3@tamu.edu,8379721768
653,Maurits Yerrington,myerringtoni4@goo.ne.jp,1413759017
654,Britta Worden,bwordeni5@tinyurl.com,2292797263
655,Wildon Treen,wtreeni6@kickstarter.com,8662420113
656,Dolorita Cushe,dcushei7@va.gov,4284790043
657,Fawne Lethbridge,flethbridgei8@dmoz.org,4503655148
658,Benito Misselbrook,bmisselbrooki9@ftc.gov,5982283331
659,Ansley Durham,adurhamia@woothemes.com,2459079135
660,Erminia Caulcott,ecaulcottib@goodreads.com,5006895070
661,Catlin Syers,csyersic@digg.com,5423887003
662,Jermayne Ducker,jduckerid@census.gov,3671700000
663,Octavia Hector,ohectorie@pbs.org,9669890760
664,Cyndy Topper,ctopperif@blogspot.com,2338305870
665,Charlene Landal,clandalig@livejournal.com,1257774436
666,Timothea Borborough,tborboroughih@theglobeandmail.com,5985909716
667,Caren Suddick,csuddickii@shop-pro.jp,8705811681
668,Teri St. Paul,tstij@pen.io,7582614304
669,Fonz Leonida,fleonidaik@mail.ru,2493454696
670,Augustina Brech,abrechil@blinklist.com,6752009071
671,Jeremias Oliva,jolivaim@nbcnews.com,1679585617
672,Steffen Vasilechko,svasilechkoin@paypal.com,3787123509
673,Ive Gierek,igierekio@independent.co.uk,7715204328
674,Berny Wakes,bwakesip@slideshare.net,5841952226
675,Burk Blackborn,bblackborniq@vk.com,3366754904
676,Petrina Atty,pattyir@instagram.com,6683947157
677,Olivia Saterthwait,osaterthwaitis@japanpost.jp,9365630274
678,Zebulon Deeney,zdeeneyit@mapquest.com,2064344259
679,Giraldo Crepel,gcrepeliu@stumbleupon.com,3088789021
680,Melvyn Janatka,mjanatkaiv@cam.ac.uk,5647804983
681,Alma Petworth,apetworthiw@amazon.com,8059047802
682,Ashton Cammoile,acammoileix@dailymotion.com,9678277583
683,Yorgos Tenwick,ytenwickiy@youku.com,2313376903
684,Ryun De Maine,rdeiz@wikispaces.com,1106140917
685,Maris Stonman,mstonmanj0@bing.com,1611412974
686,Grayce Drescher,gdrescherj1@etsy.com,9785290682
687,Angus McCrossan,amccrossanj2@scribd.com,3262875769
688,Leigha Harroway,lharrowayj3@dedecms.com,4898266969
689,Bernie Suddick,bsuddickj4@creativecommons.org,2222975004
690,Emanuel Georges,egeorgesj5@eventbrite.com,7326678421
691,Nydia Insull,ninsullj6@scribd.com,2157146158
692,Zilvia Trevers,ztreversj7@gizmodo.com,9789729447
693,Thorsten Mantle,tmantlej8@istockphoto.com,1215704024
694,Joelly Hellwig,jhellwigj9@sciencedaily.com,9678175200
695,Rube Madoc-Jones,rmadocjonesja@naver.com,2874915811
696,Bartram Balderson,bbaldersonjb@answers.com,4196626565
697,Christoph Liver,cliverjc@globo.com,2036180561
698,Tracy Goodger,tgoodgerjd@merriam-webster.com,8274566689
699,Gillian Dart,gdartje@mayoclinic.com,4488624796
700,Sloan Chaves,schavesjf@guardian.co.uk,7352552788
701,Halley Le Brun,hlejg@scribd.com,7603718224
702,Osborne Winstanley,owinstanleyjh@netscape.com,5759548337
703,Jobi Turn,jturnji@cnet.com,5148502748
704,Stefano Hogsden,shogsdenjj@w3.org,3999431435
705,Galvin Nosworthy,gnosworthyjk@who.int,7284051620
706,Burton Abrey,babreyjl@issuu.com,3113546721
707,Lenard Tredgold,ltredgoldjm@i2i.jp,5319689364
708,Franni Fumagall,ffumagalljn@tinyurl.com,1127472608
709,Piggy Sweetlove,psweetlovejo@msn.com,1631354582
710,Allen Valero,avalerojp@delicious.com,5824706866
711,Alena de Amaya,adejq@histats.com,1305504345
712,Adoree Vanichkin,avanichkinjr@usatoday.com,9844163265
713,Dare Laydon,dlaydonjs@alexa.com,9599667073
714,Dennie Overill,doverilljt@a8.net,3076667632
715,Meridith Haking,mhakingju@51.la,9489483958
716,Guthry Cumpsty,gcumpstyjv@globo.com,2275896638
717,Earl Maryman,emarymanjw@freewebs.com,9136676990
718,Claire McNaught,cmcnaughtjx@unesco.org,3968825065
719,Karly Gemlett,kgemlettjy@freewebs.com,2638333886
720,Yorke Barszczewski,ybarszczewskijz@multiply.com,6941691817
721,Homerus Casin,hcasink0@gizmodo.com,8544084585
722,Gwyn Syrad,gsyradk1@de.vu,9533798955
723,Ron Izzett,rizzettk2@psu.edu,2133034756
724,Faunie Pinchin,fpinchink3@bloglovin.com,7765860897
725,Myrtia Foxall,mfoxallk4@dion.ne.jp,9913750005
726,Kamilah Secrett,ksecrettk5@jalbum.net,8354661259
727,Bethina Lownds,blowndsk6@prnewswire.com,4784918261
728,Jere Wapol,jwapolk7@kickstarter.com,1777201986
729,Jacquelin Peakman,jpeakmank8@51.la,3284239803
730,Drud Minchenton,dminchentonk9@webmd.com,3715471113
731,Noah Hebburn,nhebburnka@amazonaws.com,5139028168
732,Liva Hanbury,lhanburykb@addthis.com,1759360348
733,Joy Easson,jeassonkc@free.fr,1331618729
734,Mel Goforth,mgoforthkd@washingtonpost.com,7109143619
735,Eliot Seddon,eseddonke@ted.com,3707370091
736,Thorsten Cuff,tcuffkf@ow.ly,5557767177
737,Bekki Lamperd,blamperdkg@icq.com,3986634768
738,Adaline Calyton,acalytonkh@fema.gov,2825236494
739,Stillmann Treffrey,streffreyki@jugem.jp,6602419846
740,Adolphus Godfrey,agodfreykj@wordpress.org,3629996509
741,Shelli Tapscott,stapscottkk@123-reg.co.uk,2563078364
742,Silvia Deluce,sdelucekl@bizjournals.com,3664481268
743,Gwyn Itzhak,gitzhakkm@oracle.com,2569430152
744,Leland Wicks,lwickskn@qq.com,7401292531
745,Horton Mearing,hmearingko@wufoo.com,7307883404
746,Lorie Ithell,lithellkp@soup.io,5363590918
747,Elliot Kettles,ekettleskq@clickbank.net,9586198669
748,Avery Quinevan,aquinevankr@about.me,3144999850
749,Denni Huriche,dhuricheks@amazon.de,9522608890
750,Pepita Standbrook,pstandbrookkt@bigcartel.com,9718444602
751,Tana Padfield,tpadfieldku@plala.or.jp,5246099417
752,Carly Tomashov,ctomashovkv@webs.com,5892524971
753,Trix Moorwood,tmoorwoodkw@people.com.cn,4573834899
754,Jordan Ubsdale,jubsdalekx@altervista.org,6883050371
755,Stacia Kaindl,skaindlky@ucoz.com,8304267984
756,Jarret Cubuzzi,jcubuzzikz@is.gd,9522560592
757,Immanuel Raitie,iraitiel0@webeden.co.uk,6058229119
758,Joanna Iorizzo,jiorizzol1@addthis.com,6796753746
759,Dinah Matas,dmatasl2@cnbc.com,1622487874
760,Ania Ballintime,aballintimel3@ft.com,9149498654
761,Stinky Georgeon,sgeorgeonl4@webs.com,9355606798
762,Happy Le Prevost,hlel5@wiley.com,7679735042
763,Briney Warrack,bwarrackl6@tinyurl.com,1521239063
764,Orella Oxtiby,ooxtibyl7@github.io,6677121463
765,Edee Govan,egovanl8@ca.gov,8119979607
766,Yoko Scriviner,yscrivinerl9@eepurl.com,6451634954
767,Eldridge Whitsey,ewhitseyla@mtv.com,1147281383
768,Sigismundo Altamirano,saltamiranolb@weibo.com,2038020671
769,Alfi Helkin,ahelkinlc@indiatimes.com,7618341895
770,Eberto Gallimore,egallimoreld@accuweather.com,6281813953
771,Hasheem Pharo,hpharole@vistaprint.com,5592657827
772,Crissy Cawthery,ccawtherylf@gov.uk,7537999304
773,Shandeigh Vigar,svigarlg@smh.com.au,6596883028
774,Kasper Lintall,klintalllh@dailymail.co.uk,2189809364
775,Lyda Quinn,lquinnli@bandcamp.com,9348409860
776,Dani Lambe,dlambelj@soup.io,8344414076
777,Brandy Kleimt,bkleimtlk@nih.gov,2972275003
778,Coriss Arnull,carnullll@archive.org,2879832571
779,Ciel Beament,cbeamentlm@aol.com,5002571248
780,Kyle Belford,kbelfordln@cisco.com,4408888587
781,Misha Kelling,mkellinglo@rakuten.co.jp,6136602590
782,Herc Seabright,hseabrightlp@weather.com,4797814570
783,Emmet Geany,egeanylq@drupal.org,7332018596
784,Pegeen Derdes,pderdeslr@biglobe.ne.jp,4356942647
785,Elihu Dashper,edashperls@a8.net,6609890815
786,Darby Beeden,dbeedenlt@fema.gov,6404462473
787,Robina Denisyuk,rdenisyuklu@cnbc.com,8793035300
788,Nikoletta Velten,nveltenlv@blogtalkradio.com,9074606319
789,Krispin Minichillo,kminichillolw@cbsnews.com,1172458220
790,Dorey Craggs,dcraggslx@dailymotion.com,9613227771
791,Rufe Driutti,rdriuttily@webmd.com,7851679925
792,Dimitry Noden,dnodenlz@deliciousdays.com,5034928397
793,Mariel Bolgar,mbolgarm0@elpais.com,7237035923
794,Thea Cowwell,tcowwellm1@scientificamerican.com,7173142443
795,Eldon Morfell,emorfellm2@nba.com,7741295593
796,Arlie Cordie,acordiem3@360.cn,1301164213
797,Jase Dubbin,jdubbinm4@is.gd,7056903183
798,Noak Cregeen,ncregeenm5@spotify.com,7055059429
799,Milicent Aicken,maickenm6@ted.com,4221683662
800,Kellyann Beament,kbeamentm7@icio.us,2798481881
801,Jandy Hamsson,jhamssonm8@infoseek.co.jp,2627198391
802,Haydon Messum,hmessumm9@twitter.com,9982216293
803,Wandis Germain,wgermainma@plala.or.jp,5894390822
804,Carmela Awty,cawtymb@tuttocitta.it,1834137753
805,Killy Dickins,kdickinsmc@simplemachines.org,6894421379
806,Ramsay Povall,rpovallmd@techcrunch.com,9632202880
807,Moreen Pallesen,mpallesenme@ihg.com,2384910486
808,Elyn Macrow,emacrowmf@lulu.com,7903137778
809,Mathew Reynault,mreynaultmg@loc.gov,4903814412
810,Easter Boggers,eboggersmh@moonfruit.com,2716001766
811,Catina Mico,cmicomi@amazon.co.jp,7005605670
812,Rosemary Boise,rboisemj@shinystat.com,1786783270
813,Brady Toffanelli,btoffanellimk@sfgate.com,8719277618
814,Althea Bradberry,abradberryml@privacy.gov.au,8165018069
815,Nananne Klinck,nklinckmm@illinois.edu,3669034310
816,Shermy Bulcock,sbulcockmn@census.gov,6618469959
817,Ricky Lisciandri,rlisciandrimo@youku.com,1692874169
818,Annetta Mercik,amercikmp@zdnet.com,6347067244
819,Hildagarde Cordell,hcordellmq@goodreads.com,7525441875
820,Reinaldo Spain-Gower,rspaingowermr@cam.ac.uk,8767813096
821,Hillyer Neath,hneathms@blogs.com,7102624115
822,Steffie Crowley,scrowleymt@blogspot.com,4413119020
823,Issiah Baitson,ibaitsonmu@usnews.com,9394356281
824,Garret Cubbinelli,gcubbinellimv@furl.net,7483978789
825,Brennan Winsiowiecki,bwinsiowieckimw@tinyurl.com,4146961132
826,Cyrille McChruiter,cmcchruitermx@storify.com,5407288080
827,Daffy Slight,dslightmy@cbsnews.com,9205415334
828,Mortimer Ruprich,mruprichmz@so-net.ne.jp,5565812372
829,Shauna Halfhead,shalfheadn0@naver.com,6811625961
830,Fifi Yeatman,fyeatmann1@topsy.com,4919721234
831,Robinette Norcop,rnorcopn2@uol.com.br,8361342089
832,Byran Allum,ballumn3@eventbrite.com,4968343416
833,Opaline Avramov,oavramovn4@java.com,6002649980
834,Chas Burgin,cburginn5@goo.gl,5173501588
835,Hardy Shulem,hshulemn6@noaa.gov,6315624634
836,Lawrence Kenningham,lkenninghamn7@google.nl,9763164499
837,Gabriele Pallister,gpallistern8@cocolog-nifty.com,6556297259
838,Mirabelle Fyndon,mfyndonn9@comsenz.com,8767738185
839,Leanor Gilhouley,lgilhouleyna@va.gov,6778229287
840,Gauthier Wemm,gwemmnb@google.com,2483670085
841,Danyette Deppen,ddeppennc@themeforest.net,7057056591
842,Lynde Alltimes,lalltimesnd@drupal.org,2729950042
843,Amaleta Whistlecraft,awhistlecraftne@123-reg.co.uk,4264164266
844,Cecile Standbrook,cstandbrooknf@msn.com,5113151396
845,Gerri Roubottom,groubottomng@loc.gov,2513090522
846,Tatiania Newcom,tnewcomnh@bbc.co.uk,3901997332
847,Dasi Fellibrand,dfellibrandni@digg.com,7544260776
848,Glennis Hansbury,ghansburynj@bbb.org,1436585302
849,Lucila Loxston,lloxstonnk@soundcloud.com,8276188214
850,Ema Highwood,ehighwoodnl@buzzfeed.com,7654206997
851,Gabbey Aldis,galdisnm@comsenz.com,3243352274
852,Krystle Vairow,kvairownn@yandex.ru,3369798717
853,Morgun Grono,mgronono@java.com,6586279446
854,Adara Petrescu,apetrescunp@phoca.cz,8893522330
855,Sven Nann,snannnq@phpbb.com,4362454469
856,Branden Casemore,bcasemorenr@mozilla.org,8687072570
857,Colas Acheson,cachesonns@mit.edu,9406069334
858,Dona Piddlehinton,dpiddlehintonnt@wikispaces.com,3844218691
859,Chaddy Saunt,csauntnu@jimdo.com,8336947409
860,Zea Krysztofiak,zkrysztofiaknv@tamu.edu,1928429092
861,Jillane Tilney,jtilneynw@marriott.com,3769473562
862,Quint Coupe,qcoupenx@noaa.gov,7321204174
863,Henderson Weedall,hweedallny@newyorker.com,2018023298
864,Nan Canedo,ncanedonz@telegraph.co.uk,7935035697
865,Bridgette Botten,bbotteno0@tinypic.com,9743630652
866,Cedric Ackwood,cackwoodo1@google.fr,1375720950
867,Siana Pirdue,spirdueo2@huffingtonpost.com,4657181094
868,Ernestine Bamb,ebambo3@newyorker.com,4715856876
869,Stephanus Beine,sbeineo4@noaa.gov,5961808178
870,Abel Ellens,aellenso5@skyrock.com,9832698850
871,Willy Ferenczy,wferenczyo6@google.com,4164992422
872,Delinda Shillaber,dshillabero7@bbb.org,2803186802
873,Claudetta Dysart,cdysarto8@slashdot.org,3167021335
874,Linnea Huyche,lhuycheo9@vistaprint.com,3142432660
875,Fabien Plesing,fplesingoa@google.co.uk,5107039372
876,Gunilla Pesterfield,gpesterfieldob@dot.gov,6032403459
877,Robers Soanes,rsoanesoc@umich.edu,9334746435
878,Sandy Ismirnioglou,sismirnioglouod@dailymotion.com,4327664364
879,Cynde Do,cdooe@kickstarter.com,7098457129
880,Griffin Siward,gsiwardof@multiply.com,4082914187
881,Olvan Hagstone,ohagstoneog@a8.net,5265356001
882,Truman Gretton,tgrettonoh@army.mil,4192978758
883,Orella Foggarty,ofoggartyoi@fotki.com,6602035921
884,Hollis Hoyland,hhoylandoj@ca.gov,7225803588
885,Jamie Maginot,jmaginotok@booking.com,2109945614
886,Gavin Gobeaux,ggobeauxol@geocities.jp,7126395294
887,Shep Hayward,shaywardom@huffingtonpost.com,9142611793
888,Napoleon Yurchenko,nyurchenkoon@lycos.com,5397266182
889,Corabella Yerby,cyerbyoo@topsy.com,2711701954
890,Penrod Cowell,pcowellop@tmall.com,8879045606
891,Eb Ramstead,eramsteadoq@buzzfeed.com,5106177167
892,Alice Theakston,atheakstonor@tiny.cc,1701523542
893,Akim Dickings,adickingsos@squarespace.com,9732575828
894,Maury Tabourel,mtabourelot@blogger.com,3501716951
895,Norry Rathborne,nrathborneou@bizjournals.com,9102095925
896,Fran Leythley,fleythleyov@engadget.com,2255368333
897,Norris Order,norderow@ibm.com,2748979896
898,Reid Besemer,rbesemerox@usa.gov,6257613331
899,Hilario Betham,hbethamoy@wufoo.com,1028296137
900,Vlad Spurge,vspurgeoz@nbcnews.com,9023695669
901,Korie Norcop,knorcopp0@posterous.com,7768753192
902,Friederike Dodds,fdoddsp1@jiathis.com,9446119990
903,Raine Please,rpleasep2@oaic.gov.au,8949009343
904,Bendite Gynne,bgynnep3@census.gov,1356827504
905,Cesare Asplin,casplinp4@unc.edu,1885763660
906,Stanleigh Bachs,sbachsp5@ustream.tv,9587381312
907,Gloria Eddow,geddowp6@webnode.com,2322286998
908,Granger Trevethan,gtrevethanp7@usnews.com,6705170703
909,Jerrome Ive,jivep8@hao123.com,4962989332
910,Forest Lawey,flaweyp9@comcast.net,6274361280
911,Florette Guidi,fguidipa@tiny.cc,5425579688
912,Eadie Turbayne,eturbaynepb@apple.com,5623288717
913,Normy Blowick,nblowickpc@nps.gov,2122870177
914,Poul Manthorpe,pmanthorpepd@hostgator.com,7769932648
915,Genevieve Fownes,gfownespe@friendfeed.com,5693449879
916,Margi Bunnell,mbunnellpf@hp.com,4521680920
917,Mollee Walbrook,mwalbrookpg@wordpress.com,1683234521
918,Robinet Scimonelli,rscimonelliph@soundcloud.com,7636365215
919,Justus Webb,jwebbpi@buzzfeed.com,3209031427
920,Jerrie Devenish,jdevenishpj@columbia.edu,6489405510
921,Fabian Bree,fbreepk@walmart.com,9629233623
922,Vail Hindenberger,vhindenbergerpl@umich.edu,3998439941
923,Sylvester Slobom,sslobompm@ifeng.com,7315420333
924,Hephzibah Lintot,hlintotpn@chron.com,9568969402
925,York Corben,ycorbenpo@unicef.org,8302175822
926,Albrecht Heffernon,aheffernonpp@desdev.cn,4016822738
927,Dorry Naden,dnadenpq@wufoo.com,2289906533
928,Aldus McFall,amcfallpr@nymag.com,9882714664
929,Mahmud Petrasso,mpetrassops@twitter.com,8828494329
930,Lesly Kiljan,lkiljanpt@google.it,5422458695
931,Jozef Jewiss,jjewisspu@mapquest.com,1968400246
932,Dal Coupland,dcouplandpv@smh.com.au,1932158625
933,Angie Vaadeland,avaadelandpw@joomla.org,6009806823
934,Mellicent McBoyle,mmcboylepx@hhs.gov,4128002063
935,Burton Dignall,bdignallpy@ezinearticles.com,4976099772
936,Tootsie Sammut,tsammutpz@alibaba.com,2418039665
937,Arleta Suche,asucheq0@last.fm,7844595494
938,Bear Jeandel,bjeandelq1@aol.com,8731455661
939,Cissiee McGrirl,cmcgrirlq2@bizjournals.com,4293580930
940,Alexine Haire,ahaireq3@qq.com,9127092918
941,Kerri Feldman,kfeldmanq4@fastcompany.com,8652566645
942,Jareb Throssell,jthrossellq5@redcross.org,1453799788
943,Shela Bottby,sbottbyq6@tmall.com,1289520557
944,Catha Anscombe,canscombeq7@friendfeed.com,3138411624
945,Edgardo Pavluk,epavlukq8@photobucket.com,3648821823
946,Ev Hindmore,ehindmoreq9@w3.org,1956689092
947,Kayle Franzke,kfranzkeqa@geocities.com,5748182065
948,Willy Albro,walbroqb@cafepress.com,6824719829
949,Tomlin Govey,tgoveyqc@wikimedia.org,9676113326
950,Thia Swithenby,tswithenbyqd@redcross.org,5514904075
951,Starr Fallanche,sfallancheqe@spiegel.de,7636009538
952,Brandi Adair,badairqf@virginia.edu,7982413231
953,Melania Szymonowicz,mszymonowiczqg@noaa.gov,3374981171
954,Cornelle Roan,croanqh@chronoengine.com,8526487004
955,Aland Acheson,aachesonqi@netlog.com,2543742922
956,Gina Daffern,gdaffernqj@123-reg.co.uk,9081455244
957,Starlin Domb,sdombqk@craigslist.org,6402707229
958,Liana Dunthorn,ldunthornql@sina.com.cn,1418391281
959,Blair Paddell,bpaddellqm@wp.com,3529896596
960,Ursuline Schwandt,uschwandtqn@senate.gov,3614035886
961,Juliet Wakes,jwakesqo@tiny.cc,9164708460
962,Riki Trowbridge,rtrowbridgeqp@comcast.net,7295052995
963,Carter Maymond,cmaymondqq@163.com,7101004849
964,Dixie Cuthill,dcuthillqr@cbslocal.com,3987451171
965,Christoforo Twort,ctwortqs@weather.com,8336469910
966,Tillie Ley,tleyqt@cnn.com,7378379438
967,Morty Marquese,mmarquesequ@craigslist.org,5786703535
968,Meridith Tapply,mtapplyqv@craigslist.org,6075825258
969,Rich Esmond,resmondqw@delicious.com,8529411856
970,Cameron Pheazey,cpheazeyqx@printfriendly.com,9773124920
971,Omar Knock,oknockqy@uiuc.edu,7371954796
972,Korie McGonigle,kmcgonigleqz@jalbum.net,7482750798
973,Bibbye Connachan,bconnachanr0@si.edu,6423877920
974,Bethena MacGille,bmacgiller1@berkeley.edu,5032667099
975,Imelda Emmerson,iemmersonr2@eventbrite.com,3063988016
976,Shir O'Daly,sodalyr3@yellowbook.com,7514274336
977,Bowie Sarfati,bsarfatir4@bravesites.com,4055471286
978,Marilee Pougher,mpougherr5@usatoday.com,8421832494
979,Fidelia Wonter,fwonterr6@msn.com,1965988454
980,Hillary Purrington,hpurringtonr7@blinklist.com,3009636077
981,Salem Quinell,squinellr8@tripadvisor.com,9238360922
982,Marlyn Airton,mairtonr9@google.nl,5094078655
983,Aviva Scorrer,ascorrerra@elpais.com,3474613019
984,Sibylle Plumptre,splumptrerb@biblegateway.com,3102476905
985,Arman Eilles,aeillesrc@arstechnica.com,8843655417
986,Turner Robbert,trobbertrd@domainmarket.com,1274399974
987,Isaak Lambard,ilambardre@economist.com,9458706660
988,Karoly Sheehan,ksheehanrf@wikispaces.com,3301498900
989,Debera Grolle,dgrollerg@fda.gov,5219838063
990,Derick Waring,dwaringrh@360.cn,3984645126
991,Donny Rodson,drodsonri@ezinearticles.com,2492554133
992,Sonya Mantz,smantzrj@statcounter.com,9026248702
993,Antonina Upsale,aupsalerk@tinyurl.com,5898456979
994,Lura Desson,ldessonrl@vistaprint.com,7451226707
995,Diena Alsina,dalsinarm@clickbank.net,5012737061
996,Latia Gates,lgatesrn@quantcast.com,3181440583
997,Dennet Hierro,dhierroro@hatena.ne.jp,4665993884
998,Horton Wreak,hwreakrp@dion.ne.jp,2996095188
999,Cele Morais,cmoraisrq@indiatimes.com,5388548571
1000,Care Gateland,cgatelandrr@digg.com,4999402263
